self_type,self_id,other_type,other_id,current_time,self_lon,self_lat,self_speed,collision_lon,collision_lat,distance_to_the_collision,detection_time,delivery_delay
vehicle,veh2,vehicle,1,97.69,7.65662,45.0532,8.33333,45.0532,7.65599,70.8217,97684,1
vehicle,veh2,vehicle,1,98.19,7.65657,45.0532,8.25853,45.0532,7.65599,64.5655,98184,0
vehicle,veh2,vehicle,1,98.59,7.65654,45.0532,7.27336,45.0532,7.65605,55.2702,98584,0
vehicle,veh2,vehicle,1,98.79,7.65653,45.0532,6.6998,45.0532,7.65608,50.268,98784,0
vehicle,veh2,vehicle,1,98.99,7.65652,45.0532,7.06565,45.0532,7.65606,50.3226,98984,0
vehicle,veh2,vehicle,5,106.52,7.65596,45.0532,8.33333,45.0532,7.65559,41.651,106509,1
